<component name="ProjectRunConfigurationManager">
  <configuration default="false" name="Full remote mode - mtcnn_facenet_cpp_tensorRT" type="CMakeRunConfiguration" factoryName="Application" REDIRECT_INPUT="false" ELEVATE="false" USE_EXTERNAL_CONSOLE="false" PASS_PARENT_ENVS_2="true" PROJECT_NAME="mtcnn_facenet_cpp_tensorRT" TARGET_NAME="mtcnn_facenet_cpp_tensorRT" CONFIG_NAME="Debug" RUN_TARGET_PROJECT_NAME="mtcnn_facenet_cpp_tensorRT" RUN_TARGET_NAME="mtcnn_facenet_cpp_tensorRT">
    <envs>
      <env name="PATH" value="/usr/local/cuda/bin:$PATH" />
      <env name="PKG_CONFIG_PATH" value="/usr/lib/aarch64-linux-gnu/pkgconfig/opencv4.pc" />
      <env name="DISPLAY" value="localhost:10.0" />
      <env name="CUDA_HOME" value="/usr/local/cuda" />
      <env name="LD_LIBRARY_PATH" value="/usr/local/cuda/lib64:$LD_LIBRARY_PATH" />
    </envs>
    <method v="2" />
  </configuration>
</component>