<component name="ProjectRunConfigurationManager">
  <configuration default="false" name="remote gdb server" type="com.jetbrains.cidr.remote.gdbserver.type" factoryName="com.jetbrains.cidr.remote.gdbserver.factory" PROGRAM_PARAMS=":12233 /home/acs2/ting/workspace/.trash-sync-pycharm/nwesem..mtcnn_facenet_cpp_tensorRT/mtcnn_facenet_cpp_tensorRT/build/mtcnn_facenet_cpp_tensorRT" REDIRECT_INPUT="false" ELEVATE="false" USE_EXTERNAL_CONSOLE="false" WORKING_DIR="file:///home/acs2/ting/workspace/.trash-sync-pycharm/nwesem..mtcnn_facenet_cpp_tensorRT/mtcnn_facenet_cpp_tensorRT/build" PASS_PARENT_ENVS_2="true" PROJECT_NAME="mtcnn_facenet_cpp_tensorRT" TARGET_NAME="mtcnn_facenet_cpp_tensorRT" CONFIG_NAME="Debug" version="1" RUN_PATH="$PROJECT_DIR$/build/mtcnn_facenet_cpp_tensorRT">
    <envs>
      <env name="PATH" value="/usr/local/cuda/bin:$PATH" />
      <env name="PKG_CONFIG_PATH" value="/usr/lib/aarch64-linux-gnu/pkgconfig/opencv4.pc" />
      <env name="DISPLAY" value="localhost:10.0" />
      <env name="CUDA_HOME" value="/usr/local/cuda" />
      <env name="LD_LIBRARY_PATH" value="/usr/local/cuda/lib64:$LD_LIBRARY_PATH" />
    </envs>
    <custom-gdb-server version="1" gdb-connect="172.16.113.252:12233" executable="" warmup-ms="0" download-type="NONE" hostId="8872020c-6f42-4f96-97b1-ae1c79a039b2" sshConfigName="acs2@172.16.113.252:22 password" uploadFile="mtcnn_facenet_cpp_tensorRT" defaultGdbServerArgs=":12233 mtcnn_facenet_cpp_tensorRT">
      <debugger kind="GDB" isBundled="true" />
    </custom-gdb-server>
    <method v="2" />
  </configuration>
</component>